<?xml version="1.0" encoding="UTF-8"?>
<!DOCTYPE wccs SYSTEM "data.dtd">

<!-- Author: Kenny Cason -->
<!-- Email: kenneth.cason AT gmail DOT com -->
<!-- Website: www.Ken-Soft.com -->
<!-- Date: 2008 Nov 1 -->

<!-- count from 0 to 9 -->
<traindata>
  <description>number recognition; 0 - 9</description>
  <innodes>15</innodes>
  <midlayers>4</midlayers>
  <midnodes>15</midnodes>
  <outnodes>15</outnodes>
  <learnrate>2.5</learnrate>
  <maxcycles>100000</maxcycles>
  <error>.0001</error>
  <numdata>10</numdata>
  <inwidth>3</inwidth>
  <inheight>5</inheight>
  <outwidth>3</outwidth>
  <outheight>5</outheight>
  <data>
    <i>1</i><i>1</i><i>1</i>
    <i>1</i><i>0</i><i>1</i>
    <i>1</i><i>0</i><i>1</i>
    <i>1</i><i>0</i><i>1</i>
    <i>1</i><i>1</i><i>1</i>
    <o>1</o><o>1</o><o>1</o>
    <o>1</o><o>0</o><o>1</o>
    <o>1</o><o>0</o><o>1</o>
    <o>1</o><o>0</o><o>1</o>
    <o>1</o><o>1</o><o>1</o>
  </data>
  <data>
    <i>1</i><i>1</i><i>0</i>
    <i>0</i><i>1</i><i>0</i>
    <i>0</i><i>1</i><i>0</i>
    <i>0</i><i>1</i><i>0</i>
    <i>0</i><i>1</i><i>0</i>
    <o>1</o><o>1</o><o>0</o>
    <o>0</o><o>1</o><o>0</o>
    <o>0</o><o>1</o><o>0</o>
    <o>0</o><o>1</o><o>0</o>
    <o>0</o><o>1</o><o>0</o>
  </data>
  <data>
    <i>1</i><i>1</i><i>1</i>
    <i>0</i><i>0</i><i>1</i>
    <i>1</i><i>1</i><i>1</i>
    <i>1</i><i>0</i><i>0</i>
    <i>1</i><i>1</i><i>1</i>
    <o>1</o><o>1</o><o>1</o>
    <o>0</o><o>0</o><o>1</o>
    <o>1</o><o>1</o><o>1</o>
    <o>1</o><o>0</o><o>0</o>
    <o>1</o><o>1</o><o>1</o>
  </data>
  <data>
    <i>1</i><i>1</i><i>1</i>
    <i>0</i><i>0</i><i>1</i>
    <i>1</i><i>1</i><i>1</i>
    <i>0</i><i>0</i><i>1</i>
    <i>1</i><i>1</i><i>1</i>
    <o>1</o><o>1</o><o>1</o>
    <o>0</o><o>0</o><o>1</o>
    <o>1</o><o>1</o><o>1</o>
    <o>0</o><o>0</o><o>1</o>
    <o>1</o><o>1</o><o>1</o>
  </data>
  <data>
    <i>1</i><i>0</i><i>1</i>
    <i>1</i><i>0</i><i>1</i>
    <i>1</i><i>1</i><i>1</i>
    <i>0</i><i>0</i><i>1</i>
    <i>0</i><i>0</i><i>1</i>
    <o>1</o><o>0</o><o>1</o>
    <o>1</o><o>0</o><o>1</o>
    <o>1</o><o>1</o><o>1</o>
    <o>0</o><o>0</o><o>1</o>
    <o>0</o><o>0</o><o>1</o>
  </data>
  <data>
    <i>1</i><i>1</i><i>1</i>
    <i>1</i><i>0</i><i>0</i>
    <i>1</i><i>1</i><i>1</i>
    <i>0</i><i>0</i><i>1</i>
    <i>1</i><i>1</i><i>1</i>
    <o>1</o><o>1</o><o>1</o>
    <o>1</o><o>0</o><o>0</o>
    <o>1</o><o>1</o><o>1</o>
    <o>0</o><o>0</o><o>1</o>
    <o>1</o><o>1</o><o>1</o>
  </data>
  <data>
    <i>1</i><i>1</i><i>1</i>
    <i>1</i><i>0</i><i>0</i>
    <i>1</i><i>1</i><i>1</i>
    <i>1</i><i>0</i><i>1</i>
    <i>1</i><i>1</i><i>1</i>
    <o>1</o><o>1</o><o>1</o>
    <o>1</o><o>0</o><o>0</o>
    <o>1</o><o>1</o><o>1</o>
    <o>1</o><o>0</o><o>1</o>
    <o>1</o><o>1</o><o>1</o>
  </data>
  <data>
    <i>1</i><i>1</i><i>1</i>
    <i>0</i><i>0</i><i>1</i>
    <i>0</i><i>0</i><i>1</i>
    <i>0</i><i>1</i><i>0</i>
    <i>0</i><i>1</i><i>0</i>
    <o>1</o><o>1</o><o>1</o>
    <o>0</o><o>0</o><o>1</o>
    <o>0</o><o>0</o><o>1</o>
    <o>0</o><o>1</o><o>0</o>
    <o>0</o><o>1</o><o>0</o>
  </data>
  <data>
    <i>1</i><i>1</i><i>1</i>
    <i>1</i><i>0</i><i>1</i>
    <i>1</i><i>1</i><i>1</i>
    <i>1</i><i>0</i><i>1</i>
    <i>1</i><i>1</i><i>1</i>
    <o>1</o><o>1</o><o>1</o>
    <o>1</o><o>0</o><o>1</o>
    <o>1</o><o>1</o><o>1</o>
    <o>1</o><o>0</o><o>1</o>
    <o>1</o><o>1</o><o>1</o>
  </data>
  <data>
    <i>1</i><i>1</i><i>1</i>
    <i>1</i><i>0</i><i>1</i>
    <i>1</i><i>1</i><i>1</i>
    <i>0</i><i>0</i><i>1</i>
    <i>1</i><i>1</i><i>1</i>
    <o>1</o><o>1</o><o>1</o>
    <o>1</o><o>0</o><o>1</o>
    <o>1</o><o>1</o><o>1</o>
    <o>0</o><o>0</o><o>1</o>
    <o>1</o><o>1</o><o>1</o>
  </data>
</traindata>